Scenario,Mean_Reliability
Static,0.8568613472950816
Motion,0.5683608330583126
